名次,电影名称,链接,主演,上映时间
﻿1,我和我的祖国,https://maoyan.com/films/1277939,"黄渤,张译,韩昊霖",2019-09-30
﻿2,叶问4：完结篇,https://maoyan.com/films/1190122,"甄子丹,吴樾,吴建豪",2019-12-20
﻿3,盗梦空间,https://maoyan.com/films/416,"莱昂纳多·迪卡普里奥,渡边谦,约瑟夫·高登-莱维特",2010-09-01
﻿4,捉妖记,https://maoyan.com/films/246083,"白百何,井柏然,姜武",2015-07-16
﻿5,宠爱,https://maoyan.com/films/1279731,"于和伟,吴磊,张子枫",2019-12-31
﻿6,为国而歌,https://maoyan.com/films/1256872,"王雷,古力娜扎,海一天",2019-10-18
﻿7,西游·降魔篇,https://maoyan.com/films/78003,"舒淇,文章,黄渤",2013-02-10
﻿8,不期而遇,https://maoyan.com/films/337058,"张雨绮,张亮,王少雍",2017-05-19
﻿9,美容针,https://maoyan.com/films/344809,"闫妮,杜天皓,宋伊人",2017-05-20
﻿10,魔镜奇缘3,https://maoyan.com/films/1263827,"苏旖旎,王兴康,崔志昂",2019-12-14
